{
  "accuracy": [
    0.7273772954940796,
    0.8815184235572815,
    0.9074003100395203,
    0.9123849868774414,
    0.91679447889328
  ],
  "auc": [
    0.8168054819107056,
    0.9560016393661499,
    0.9689379930496216,
    0.9736860394477844,
    0.9759110808372498
  ],
  "loss": [
    0.5397580862045288,
    0.3046925663948059,
    0.24427738785743713,
    0.22247670590877533,
    0.21058432757854462
  ],
  "val_accuracy": [
    0.9375,
    0.9375,
    0.9375,
    0.9375,
    0.9375
  ],
  "val_auc": [
    1.0,
    0.984375,
    0.984375,
    0.984375,
    0.984375
  ],
  "val_loss": [
    0.3352053165435791,
    0.2326473891735077,
    0.21011798083782196,
    0.19565585255622864,
    0.1883987933397293
  ],
  "learning_rate": [
    9.999999747378752e-05,
    9.999999747378752e-05,
    9.999999747378752e-05,
    9.999999747378752e-05,
    9.999999747378752e-05
  ],
  "test": {
    "accuracy": 0.7419871687889099,
    "auc": 0.9171707034111023,
    "loss": 0.4795432984828949
  }
}